{
    "multi heuristicIntelNUC": 9.986999999999999e-05,
    "multi heuristicXPS-15": 7.647140000000001e-05
}